pickup,delivery,distance,equipment,weight,date,predicted_rate
Lexington,Fort Wayne,360,Dry Van,32000,12/1/2025,799.8
Lexington,Fort Wayne,360,Dry Van,32000,12/2/2025,805.53
Lexington,Fort Wayne,360,Dry Van,32000,12/3/2025,809.82
Lexington,Fort Wayne,360,Dry Van,32000,12/4/2025,809.81
Lexington,Fort Wayne,360,Dry Van,32000,12/5/2025,809.82
Lexington,Fort Wayne,360,Dry Van,32000,12/6/2025,802.41
Lexington,Fort Wayne,360,Dry Van,32000,12/7/2025,800.53
Lexington,Fort Wayne,360,Dry Van,32000,12/8/2025,800.5
Lexington,Fort Wayne,360,Dry Van,32000,12/9/2025,807.04
Lexington,Fort Wayne,360,Dry Van,32000,12/10/2025,812.24
Lexington,Fort Wayne,360,Dry Van,32000,12/11/2025,812.29
Lexington,Fort Wayne,360,Dry Van,32000,12/12/2025,812.3
Lexington,Fort Wayne,360,Dry Van,32000,12/13/2025,804.86
Lexington,Fort Wayne,360,Dry Van,32000,12/14/2025,801.32
Lexington,Fort Wayne,360,Dry Van,32000,12/15/2025,803.14
Lexington,Fort Wayne,360,Dry Van,32000,12/16/2025,810.51
Lexington,Fort Wayne,360,Dry Van,32000,12/17/2025,816.31
Lexington,Fort Wayne,360,Dry Van,32000,12/18/2025,816.3
Lexington,Fort Wayne,360,Dry Van,32000,12/19/2025,816.35
Lexington,Fort Wayne,360,Dry Van,32000,12/20/2025,808.61
Lexington,Fort Wayne,360,Dry Van,32000,12/21/2025,804.34
Lexington,Fort Wayne,360,Dry Van,32000,12/22/2025,807.46
Lexington,Fort Wayne,360,Dry Van,32000,12/23/2025,811.2
Lexington,Fort Wayne,360,Dry Van,32000,12/24/2025,817.36
Lexington,Fort Wayne,360,Dry Van,32000,12/25/2025,817.36
Lexington,Fort Wayne,360,Dry Van,32000,12/26/2025,817.6
Lexington,Fort Wayne,360,Dry Van,32000,12/27/2025,807.92
Lexington,Fort Wayne,360,Dry Van,32000,12/28/2025,809.93
Lexington,Fort Wayne,360,Dry Van,32000,12/29/2025,811.14
Lexington,Fort Wayne,360,Dry Van,32000,12/30/2025,814.7
Lexington,Fort Wayne,360,Dry Van,32000,12/31/2025,816.97
